product_id,product_name,category,unit_price,supplier_cost
1,De-engineered 5thgeneration hardware,Toys,291.6,123.88
2,Intuitive hybrid open architecture,Clothing,70.12,47.63
3,Assimilated 24/7 emulation,Sports,221.54,143.56
4,Optional transitional matrices,Toys,229.97,100.95
5,Exclusive foreground paradigm,Sports,279.13,158.96
6,Visionary 4thgeneration projection,Beauty,14.01,9.25
7,Optional optimizing infrastructure,Toys,262.25,149.89
8,Extended actuating moratorium,Beauty,160.53,107.9
9,Future-proofed 6thgeneration secured line,Clothing,191.6,130.84
10,Virtual tangible artificial intelligence,Electronics,195.12,102.77
11,Self-enabling upward-trending synergy,Clothing,246.84,126.68
12,Optimized needs-based solution,Electronics,103.36,70.38
13,Implemented multi-state budgetary management,Beauty,221.25,133.31
14,Synergistic systematic hub,Electronics,160.93,69.97
15,Self-enabling intermediate info-mediaries,Sports,239.05,98.65
16,Virtual impactful approach,Books,297.21,169.23
17,Customizable hybrid paradigm,Clothing,64.19,43.59
18,Multi-channeled well-modulated encoding,Toys,297.2221,194.95
19,Digitized static parallelism,Clothing,31.49,18.98
20,Synchronized radical software,Sports,5.68,2.51
21,Upgradable optimal forecast,Electronics,18.03,8.59
22,Customer-focused system-worthy pricing structure,Sports,105.83,70.13
23,Front-line intermediate array,Home & Garden,191.71,87.2
24,Exclusive local moratorium,Home & Garden,25.36,12.26
25,Optional high-level capacity,Toys,6.67,2.93
26,Operative fault-tolerant adapter,Sports,281.44,169.66
27,Object-based motivating collaboration,Beauty,247.47,169.07
28,Switchable directional knowledgebase,Toys,243.71,117.15
29,Sharable reciprocal paradigm,Beauty,265.91,144.29
30,Phased asynchronous functionalities,Toys,211.51,124.85
31,Reverse-engineered client-driven utilization,Home & Garden,35.8,25.05
32,Secured maximized alliance,Toys,122.73,52.95
33,Down-sized value-added installation,Home & Garden,218.33,119.99
34,Future-proofed analyzing hierarchy,Electronics,87.7,45.21
35,Optimized web-enabled productivity,Beauty,207.78,137.08
36,Stand-alone 5thgeneration website,Sports,12.23,6.64
37,Team-oriented systemic collaboration,Toys,95.31,41.3
38,Managed upward-trending open architecture,Home & Garden,166.99,98.58
39,Expanded fresh-thinking focus group,Clothing,191.47,120.86
40,Multi-layered reciprocal ability,Beauty,175.23,70.24
41,Versatile radical installation,Toys,210.84,138.67
42,Configurable systematic pricing structure,Books,6.8,3.1
43,Digitized actuating knowledgebase,Electronics,34.78,19.67
44,Reactive fresh-thinking time-frame,Electronics,261.34,137.14
45,Configurable foreground utilization,Clothing,206.12,126.95
46,Multi-lateral bifurcated portal,Home & Garden,38.31,19.59
47,Robust intermediate challenge,Toys,253.41,167.49
48,Front-line upward-trending approach,Beauty,76.46,47.34
49,Centralized upward-trending definition,Home & Garden,146.09,86.82
50,Open-source intermediate framework,Electronics,47.83,30.56
51,Secured exuding middleware,Home & Garden,214.48,134.31
52,Ameliorated didactic functionalities,Electronics,201.72,82.86
53,Implemented 3rdgeneration toolset,Home & Garden,67.28,34.88
54,Compatible multi-tasking instruction set,Clothing,259.7,176.4
55,Team-oriented 24/7 architecture,Sports,123.39,54.01
56,Front-line content-based implementation,Clothing,91.29,56.7
57,Realigned user-facing algorithm,Clothing,49.94,34.58
58,Open-architected zero administration help-desk,Sports,83.52,34.72
59,Reduced dedicated database,Sports,11.5,6.95
60,Organic tertiary system engine,Toys,177.06,95.69
61,Enterprise-wide empowering solution,Beauty,253.46,145.42
62,Exclusive holistic help-desk,Beauty,166.95,71.05
63,Focused discrete infrastructure,Toys,69.69,28.78
64,Fully-configurable coherent portal,Clothing,14.93,8.96
65,Streamlined uniform hub,Clothing,68.32,44.2
66,Fully-configurable fault-tolerant frame,Electronics,127.76,81.08
67,Mandatory secondary customer loyalty,Electronics,229.09,129.01
68,Persevering bifurcated process improvement,Beauty,60.41,25.97
69,Balanced dedicated installation,Toys,217.34,131.8
70,Face-to-face dynamic methodology,Books,260.75,123.22
71,Open-architected grid-enabled portal,Books,138.91,93.53
72,Automated executive concept,Toys,247.32,161.12
73,Devolved intangible Internet solution,Electronics,168.62,103.33
74,Optional executive productivity,Beauty,192.94,132.1
75,Function-based content-based success,Beauty,160.25,65.61
76,Ergonomic homogeneous ability,Electronics,141.64,87.94
77,Up-sized modular protocol,Books,74.22,37.04
78,Programmable stable ability,Home & Garden,94.44,63.45
79,Organic grid-enabled hierarchy,Home & Garden,90.54,43.46
80,Grass-roots real-time architecture,Electronics,171.17,105.69
81,Upgradable maximized initiative,Home & Garden,40.39,26.79
82,Open-architected web-enabled support,Sports,275.45,113.62
83,Operative responsive data-warehouse,Toys,217.59,112.99
84,Adaptive homogeneous conglomeration,Toys,123.43,77.6
85,Reactive multimedia circuit,Electronics,51.79,27.78
86,Integrated transitional middleware,Clothing,265.19,127.34
87,Implemented encompassing functionalities,Books,248.01,115.56
88,User-friendly client-driven open architecture,Electronics,217.91,95.76
89,Implemented demand-driven migration,Home & Garden,85.11,55.93
90,Synchronized exuding core,Books,123.72,70.84
91,Exclusive coherent frame,Clothing,35.31,14.93
92,Inverse real-time flexibility,Home & Garden,60.77,31.28
93,Enterprise-wide mobile portal,Beauty,235.99,120.43
94,Open-source zero-defect application,Sports,215.94,98.15
95,Advanced context-sensitive toolset,Home & Garden,180.08,95.56
96,Visionary logistical paradigm,Sports,269.24,134.52
97,Innovative explicit frame,Books,177.06,88.98
98,Visionary holistic algorithm,Sports,142.76,88.76
99,Automated interactive time-frame,Books,105.41,49.22
100,Centralized web-enabled capability,Books,282.43,167.36
